Expressen,90
Dagens Nyheter,65
Dagens Samhälle,59
Västsvenska Arenan,52
Fastighetsnytt,46
Business Arena Almedalen,45
Tidningen Syre,42
Sveriges Radio,41
Svenska Dagbladet,39
Dagens Industri,37
Centerpartiet,37
Uppsala Universitet,34
Studieförbundet Bilda,34
Initiativ Samutveckling,32
Naturskyddsföreningen,32
Offentliga Affärer,30
Migrationsverket,28
Svt Nyheter,27
Humtank,27
Sensus Studieförbund,27
Svt,26
Linköpings Universitet,24
Sparbankernas Riksförbund,24
Handikappförbunden,24
Föreningen Jag,23
Region Östergötland,23
Atea Sverige Ab,22
East Sweden,22
Statistiska Centralbyrån,21
Rise Research Institutes Of Sweden Ab,21
Scb,21
Svenska Kyrkan,20
Skl,20
Östsvenska Handelskammaren,20
Teknikföretagen,20
Eu-Kommissionen,20
Linköpings Kommun,20
Region Gävleborg,19
Industrin Tar Matchen,19
Riksförbundet Hobs- Hälsa Oberoende Av Storlek,19
Pwc,19
Sveriges Kommuner Och Landsting,19
Grant Thornton,18
Bil Sweden,18
Europaparlamentets Informationskontor I Sverige,17
Skanska,17
Motorbranschens Riksförbund Mrf,17
Serendipity Innovations,17
Göteborgs Universitet,16
Östersjödagarna,16
Lunds Universitet,16
Dagens Medicin Agenda,16
Svenska Studenthus,15
Minds Unlimited,15
Svenska Institutet,15
Tv4,15
Rädda Barnen,15
Lärarförbundet,15
Aftonbladet,15
Ikem – Innovations- Och Kemiindustrierna,15
Kairos Future,15
Kapi - Mångkulturell Insikt Och Kommunikation,15
Västra Götalandsregionen,15
Imcode Partner Ab,15
Rexel Sverige / Rexel Energy Solution,14
Ncc,14
Vardagens Civilkurage,14
Equmeniakyrkan,14
Mindfulnessgruppen,14
Nationella Nätverket För Samordningsförbund (Nns),14
Chalmers,14
Skogsindustrierna,14
Uppsala Studentradio,14
Sveriges Kommunikatörer,13
Sveriges Lantbruksuniversitet,13
Lo,13
Almega,13
Ekobanken,13
Svenskt Näringsliv,13
Kpmg,13
Vattenfall Ab,13
Aerospace Almedalen,12
Svn,12
Learnox,12
Visby Domkyrkoförsamling,12
Resumé,12
Riksidrottsförbundet,12
Svensk Sjöfart,12
Spelberoendes Riksförbund,12
Svensk Ventilation,12
Bräcke Diakoni,12
Social Venture Network,12
Hejdigitalt!,12
Arbetsgivarföreningen Kfo,12
Jernkontoret,12
Nowa Kommunikation,12
Leadership For Transition (Lift),12
Riksförbundet Narkotikafritt Samhälle,12
Abf,12
Rns,12
Boklok,12
Stiftelsen Allmänna Barnhuset,11
(G) Som I Gud,11
Miljöpartiet De Gröna,11
Iogt-Nto,11
Ewf Eco Ab,11
Business Sweden,11
Retorikkonsult Sverige Ab,11
Sustainable Innovation,11
Swedbank,11
Sverigedemokraterna,11
Barnombudsmannen,11
Studiefrämjandet,11
Socialdemokraterna,11
Mannheimer Swartling,11
Tracktwo,10
Far,10
Omställningsnätverket,10
Tillväxtanalys,10
Forskningsprojektet Freden I Östasien,10
Sweden China Trade Council,10
Världsnaturfonden Wwf,10
Lighthouse,10
Sveriges Förenade Studentkårer (Sfs),10
Skandia,10
Svenska Snustillverkarföreningen,10
Ur (Sveriges Utbildningsradio),10
Södertörns Högskola,10
Svensk Handel,10
Tenant & Partner,10
Forum – Idéburna Organisationer Med Social Inriktning,10
Företagarna,10
Teater X,10
Svenska Föreningen För Falun Dafa,10
Six Year Plan,10
Appva Ab,10
Psykisk Hälsa Kaféet,10
Veryday,10
Veidekke,10
Region Dalarna,10
Stiftelsen S:T Lukas,10
Arbetsgruppen För Kinadagen,10
Transporthistoriskt Nätverk,10
Sams – Samarbete För Människor I Sorg,10
Hållbar Utveckling Sverige Ab,10
Global Utmaning,10
Sveriges Arkitekter,10
Svenska Stadskärnor,9
Lika Unika,9
Novus Opinion,9
Hanaholmen – Kulturcentrum För Sverige Och Finland,9
Plan International Sverige,9
Swedavia,9
Teko,9
Ecad,9
Microsoft,9
Försvarsmakten,9
Kungl. Ingenjörsvetenskapsakademien,9
Wisespace Management,9
Vetenskapsrådet,9
Reals,9
Magelungen Utveckling Ab,9
Stratethics Culture Of Life,9
Majblommans Riksförbund,9
Formas Forskningsrådet För Hållbar Utveckling,9
Teskedsorden,9
Abc-Charity,9
Havs- Och Vattenmyndigheten,9
Galleri Duerr,9
Tt Nyhetsbyrån,9
Region Skåne - En Del Av Öresundshuset,9
Tillväxt Gotland,9
European Cities Action Network For Drug Free Societies,9
Stiftelsen Tryggare Sverige,9
Carlsberg Sverige,9
Drömmen Om Det Goda,9
Innovizion Arena,9
Inspiraktiva,8
If Metall,8
Föreningen Sambruk,8
Storstockholms Brandförsvar,8
Internationella Torget,8
Natur & Kultur,8
Vuxenutbildning I Samverkan (Vis),8
Stockholm Environment Institute,8
Union To Union,8
Unionen,8
Borlänge Kommun,8
Nationella Rådet För Finansiell Samordning,8
Nytida,8
Länsförsäkringar,8
Brottsförebyggande Rådet,8
Nässjö Kommun,8
Kriminellas Revansch I Samhället,8
Inera,8
Stockholms Studentkårers Centralorganisation (Ssco),8
Ekot I P1,8
Hp,8
Medtech Magazine,8
Arbetsliv Och Välfärd,8
Aifos,8
Länsförsäkringar Stockholm,8
Rfsu,8
Vardaga,8
Permakultur,8
Region Västerbotten,8
Future Forests,8
Hjärt-Lungfonden,8
Falköpings Kommun,8
Energiföretagen Sverige,8
Lindesbergs Kommun,8
Trossa Ab,8
Forte - Forskningsrådet För Hälsa,8
Ängbybarnens Förskolor,8
Stockholms Universitet,8
Dhr – Förbundet För Ett Samhälle Utan Rörelsehinder,8
Enhet,8
Deloitte,8
Kris,8
Baltic Eye Vid Stockholms Universitets Östersjöcentrum,8
Open Source Sweden,8
Göteborgs Stad,8
Försvarspolitisk Arena,8
Svca,8
Kemikalieinspektionen,8
P4 Extra,8
Allmänna Arvsfonden,7
Ratio – Näringslivets Forskningsinstitut,7
Sveriges Bussföretag,7
Studio Sd,7
Fastighetsägarna,7
American Chamber Of Commerce In Sweden,7
Hungerprojektet,7
Rfsl,7
Nätverket- Idéburen Sektor Skåne,7
Parasport Sverige,7
Affärsvärlden,7
Gotlands Media,7
Växjö Kommun,7
Västsvenska Handelskammaren,7
Rexel Sverige / Rexel Buildning Automation,7
Pöyry,7
Vårdföretagarna,7
Visita,7
Vi-Skogen,7
E.On Sverige,7
P1-Morgon I P1,7
Försvarshögskolan,7
Liberalerna,7
Installatörsföretagen,7
Konkurrensverket,7
Feministiskt Initiativ,7
Fn-Förbundet,7
U-Fold,7
Riksbankens Jubileumsfond,7
Mil Foundation,7
Coop,7
Tns Sifo,7
Spf Seniorerna,7
Unibet,7
Kulturfonden För Sverige Och Finland,7
Söderberg & Partners,7
Lrf,7
Fn:S Befolkningsfond,6
Öresundshuset,6
Sjöfartsforum,6
Järnvägshistoriska Riksförbundet,6
Vegonormnätverket,6
Trivector,6
Hela Sverige Ska Leva,6
Svensk Kärnbränslehantering Ab,6
Spbi,6
Sveriges Kvinnolobby,6
Veckans Affärer,6
Ålands Landskapsregering,6
Delegationen För Unga Till Arbete,6
Moderaterna,6
Swedegas,6
Ideell Arena,6
Lärarnas Riksförbund,6
Centre For Ageing And Supportive Environments Lunds Universitet,6
Hållbara Hav,6
Focus Cura,6
Max Matthiessen,6
Rfsl Ungdom,6
Njurförbundet,6
Mittuniversitetets Rektorsprogram,6
Feelgood Företagshälsovård Ab,6
Soberian,6
Ibm,6
Hagainitiativet,6
Karolinska Universitetssjukhuset,6
Diakonia,6
Afa Försäkring,6
Amnesty International,6
Direktdemokraterna,6
Capio Ab,6
Ey,6
Förbundet S:T Lukas,6
Sics Swedish Ict,6
Unfpa,6
Norden I Fokus – Nordiska Ministerrådets Informationskontor,6
Novartis,6
Njurfonden,6
Samsung Nordic,6
Dag Hammarskjöld Foundation,6
Novo Nordisk,6
Hissförbundet,6
Ilab,6
Pfizer,6
Leading Health Care,6
Securitas Sverige Ab,6
Motorhistoriska Riksförbundet,6
Fortum,6
Museibanornas Riksorganisation,6
Kriminalvården,6
Högskolan I Borås,6
Upphandlingsmyndigheten,6
Ekobrottsmyndigheten,6
Svensk Mat- Och Miljöinformation,6
Fores,6
Vänsterpartiet,6
Folk Och Försvar,6
Newmaninstitutet,6
Malmö Stad - En Del Av Öresundshuset,6
Bristol-Myers Squibb,6
Tu - Medier I Sverige,5
Gyproc,5
Enköping-Håbo Räddningstjänst,5
Mistra Urban Futures,5
Samordningsförbundet Delta,5
Sveriges Läkarförbund,5
Räddningstjänsten Sala-Heby,5
Statsvetenskapliga Förbundet (Swepsa),5
Radio Af,5
Tillsammans Mot Korruption,5
Vvs-Fabrikanternas Råd,5
Hewlett Packard Enterprise,5
Trelleborgs Kommun,5
Privata Affärer/Placeringsguiden,5
Malmö Stad,5
Mucf,5
Astar Ab,5
Working For Change,5
Ab Svensk Byggtjänst,5
Lila Shala,5
Intressegruppen För Assistansberättigade (Ifa),5
Göteborg-Hisingen,5
Polismyndigheten,5
Goodsport,5
Svemin,5
Almedalsbiblioteket,5
Riksförbundet Attention,5
Intel,5
Räddningstjänsten Gotland,5
Phoniro Systems Ab,5
Konsumentföreningen Stockholm,5
Högskolan Väst,5
Nationella Funktionen Sällsynta Diagnoser,5
Hallvarsson & Halvarsson,5
Capgemini,5
Röda Korset,5
Arena Idé,5
En Läsande Klass,5
Atg,5
Energigas Sverige,5
Gröna Bilister,5
Räddningstjänsten Norrtälje,5
Nordea,5
Jämställ.Nu,5
Glada Hudik-Teatern,5
Fryshuset,5
Trä- Och Möbelföretagen (Tmf),5
Siq - Institutet För Kvalitetsutveckling,5
Attendo,5
Entreprenörskapsforum,5
Forum Syd,5
Samsung,5
Computer Sweden,5
Sveriges Allmännyttiga Bostadsföretag,5
Isover,5
Myndigheten För Ungdoms- Och Civilsamhällesfrågor,5
Sveriges Marknadsförbund,5
Swedwatch,5
Kulturtidskriften Signum,5
Statens Medicinsk-Etiska Råd,5
Siemens,5
Chef,5
Npf Solutions Ab,5
Radio Af I Lund,5
Brandkåren Attunda,5
Buildsafe,5
Riksorganisationen Hela Sverige Ska Leva,5
Arkitektkopia Ab,5
Utrikespolitiska Förbundet (Ufs),5
Sveriges Ingenjörer,5
Sveriges Geologiska Undersökning,5
Livsmedelsföretagen,5
Uppsala Brandförsvar,5
Fotografiska,5
Radix Kompetens Ab,5
Hela Människan,5
Ica,5
Sabo,5
Ågrenska,5
Smer,5
Ivl Svenska Miljöinstitutet,5
Studio Ett I P1,5
Sveriges Universitets- Och Högskoleförbund (Suhf),5
Ölpodden Live I Almedalen,5
Unizon,5
Botkyrka Kommun,5
Hyresgästföreningen,5
Akademikerförbundet Ssr,4
Folke Bernadotteakademin (Fba),4
Arena För Tillväxt,4
Sveriges Bryggerier,4
Cecilia Uddén I P1,4
Breakit,4
Bumbee Labs,4
Linnéuniversitetet,4
Lots Security Ab,4
Foi,4
Sida,4
Psykologförbundet,4
Halmstads Fastighets Ab,4
Kristdemokraterna,4
Stockholms Läns Landsting,4
Compugroup Medical Sverige Ab,4
Sponsrings & Eventföreningen/Sefs,4
Saint-Gobain Ab (Ecophon,4
Arbetslivsmuseernas Samarbetsråd (Arbetsam),4
Almedalsretorikerna,4
We Effect,4
Stockholmsmässan / Nordbygg,4
Solklart Sverige,4
Nationell Samverkan För Psykisk Hälsa,4
Skogsstyrelsen,4
Försvarsforum,4
Smhi,4
Nasdaq Stockholm,4
Universitets- Och Högskolerådet,4
Sveriges Hamnar,4
Kimm/Wise Professionals,4
Samordningsförbundet Skellefteå/Norsjö,4
Gnosco Ab,4
Cenvigo Ab,4
Föräldraföreningen För Dyslektiska Barn,4
Fältbiologerna,4
Film And Tell,4
Nwise,4
Rotary,4
Abilia Ab,4
Junis,4
Olof Palmes Internationella Center,4
Skärgårdsredarna,4
Skolförvaltningarna,4
Onyx Solar,4
Dyslexiförbundet Fmls,4
Baseline Management,4
Bigbelly Solar,4
Miljömärkning Sverige,4
Nyföretagarcentrum Sverige,4
Sveriges Riksdag,4
Samordningsförbundet Östra Södertörn,4
Byggcheferna,4
Riksorganisationen För Kvinnojourer Och Tjejjourer I Sverige,4
2030-Sekretariatet,4
Svenska Dyslexiföreningen,4
Säkerhetsbranschen,4
Tankesmedjan I P3,4
Riksrevisionen,4
Iogt-Ntos Juniorförbund,4
Arvsfonden,4
Kry,4
Siwi Swedish Water House,4
Uppsala Kommun,4
Tco,4
Förbundet Djurens Rätt,4
Pressbyrån,4
Svenskt Marintekniskt Forum,4
Yeos Young Entrepreneurs Of Sweden,4
Energieffektiviseringsföretagen,4
En Bra Plats,4
Riksteatern,4
Svenska Läkaresällskapet,4
Kännbart,4
Jordens Vänner / Friends Of The Earth Sweden,4
Founders Alliance,4
Säkerhetspolisen,4
Socialdemokrater För Tro Och Solidaritet,4
Stil - Stiftarna Av Independent Living I Sverige,4
Migrationspolitiska S-Föreningen,4
Träbyggnadskansliet,4
Stockholm Digital Care,4
Industriarbetsgivarna,4
Weber),4
Sup46,4
Swedish Content Agencies,4
Google Sweden Ab,4
Advokatfirman Lindahl,4
Sveriges Skeppsmäklareförening,4
Jm2P,4
Centrum För Mellanösternstudier,4
Bestic Ab,4
Riksbyggen,4
Swemin,4
Region Halland,4
Roks,4
Högskolan I Skövde,4
Totalförsvarets Forskningsinstitut,4
Hälsans Nya Verktyg,4
My Dream Now,4
Energirådgivarna,3
Havsmiljöinstitutet,3
Dolprop Industries,3
Nbv,3
Miljonbemanning,3
Undp,3
Business Region Göteborg,3
Svensk Travsport,3
Accenture,3
"1,6Miljonerklubben",3
Barnafrid - Nationellt Kunskapscentrum,3
Naturvårdsverket,3
Shric (Supporting Human Rights In China),3
Försäkringskassan,3
Svensk Form,3
Journalistförbundet,3
Swedbank Robur,3
Fian Sverige,3
Röda Korsets Ungdomsförbund,3
Initiativet Hållbara Hav,3
Gpcc - Centrum För Personcentrerad Vård Vid Göteborgs Universitet,3
Svenskt Vatten,3
Roche Ab,3
Gaia Leadership,3
Transportföretagen,3
Karolinska Institutet,3
Swedish Institute For Innovative Retailing – Högskolan I Borås,3
S-Kvinnor,3
Örebro Kommun,3
S:T Lukas,3
Åklagarmyndigheten,3
Statens Konstråd,3
Nätverket För Byggekologi,3
Avfall Sverige,3
Svenska Afghanistankommittén,3
Läkartidningen,3
Reumatikerförbundet,3
Upphandling24,3
Svensk Reumatologisk Förening,3
Epoch Times Sverige,3
Reportrar Utan Gränser,3
Gotlands Museum,3
Td Light,3
Sos Barnbyar Sverige,3
Uniper,3
Lunds Kommun - En Del Av Öresundshuset,3
Guldäpplet,3
International Society For Human Rights Sweden,3
Doublecheck,3
Sweco,3
Basinkomst Stockholm,3
Nationalmuseum,3
Unicef Sverige,3
Postnord,3
Rikshem,3
Svenska Patientpoolen Ab,3
Frälsningsarmén,3
Changers Hub,3
Fou- Linköping,3
Sommarkollo4Me,3
Fei Företagsekonomiska Institutet,3
Latinamerikagrupperna,3
Swedish Medtech,3
Konstfack,3
Kristna Fredsrörelsen,3
Länsstyrelserna,3
Centrum För Åldrande Och Hälsa – Agecap,3
Coompanion Sverige,3
Nykterhetsrörelsens Bildningsverksamhet,3
Hsb,3
Vid Göteborgs Universitet,3
Akademikernas A-Kassa,3
Volkswagen Group Sverige,3
Nationella Kvalitetsregister,3
Regionala Cancercentrum I Samverkan,3
Prv (Patent- Och Registreringsverket),3
Sirona Health Solutions,3
Barnrättstorget,3
Vision,3
Energimyndigheten,3
Almedalen Just Nu,3
Jonsereds Herrgård/Göteborgs Universitet,3
Ny Teknik,3
Teach For Sweden,3
Dagens Medicin,3
Luleå Kommun,3
Sweco Architects,3
Zero Vision Tool,3
Stiftelsen Diu,3
Apple,3
Kungälvs Kommun,3
Ledarna,3
Studieförbunden,3
Saint-Gobain Sweden Ab,3
Telia Sverige,3
Livsmedelsverket,3
Eit Digital,3
Misum - Handelshögskolan I Stockholm,3
Subtopia,3
Sahlgrenska Universitetssjukhuset,3
Tilia,3
Danske Bank Sverige,3
Stockholms Handelskammare,3
Ip-Only,3
Motala Kommun,3
Föreningen Tillsammans,3
Temagruppen Unga I Arbetslivet,3
Siir,3
Mötesplats Social Innovation Vid Malmö Högskola,3
Nya Ostkustbanan Ab,3
Tillväxtverket,3
Icld - Internationellt Centrum För Lokal Demokrati,3
Sveriges Elevkårer,3
Siftelsen Fts Säkra Varje Unge,3
Särnmark Personlig Assistans,3
Djurrättsalliansen,3
Djurskyddet Sverige,3
Ksan,3
Msd,3
Svenska Möten,3
Vårdförbundet,3
Sac,3
Urban Green,3
Tco Development,3
Svenska Spel,3
Parenting Young Children,3
Malmö Högskola - En Del Av Öresundshuset,2
Inköpsrådet,2
Claphaminstitutet,2
Fysioterapeuterna,2
Sparbanken Nord,2
Östgötautmaningen,2
Länsstyrelsen I Västmanlands Län,2
Svensk Kollektivtrafik,2
Gotland,2
Ellevio Ab,2
Ifk Tumba Fotboll,2
Nätkoll,2
Utrikespolitiska Institutet (Ui),2
Individuell Människohjälp,2
Göteborgs Räddningsmission,2
Komm Sveriges Kommunikationsbyråer,2
Kvinna Till Kvinna,2
Vårdklockans Kyrka,2
Elbilsalliansen Nissan Renault,2
Autism- Och Aspergerförbundet.,2
Nybro Kommun,2
Konyaspor,2
Cgi,2
Ssf Stöldskyddsföreningen,2
Solkompaniet,2
Ramböll Sverige,2
Riksantikvarieämbetet,2
Kommed Ab,2
Nyedal Solenergi,2
Entreprenörskapsutredningen,2
Svenskt Flyg,2
Interactive Institute Swedish Ict,2
Elbilslandet Gotland,2
Siani,2
Samordningsförbundet Finsam,2
Proffice,2
Axfood,2
Moderata Ungdomsförbundet,2
Lida,2
Nordens Välfärdscenter,2
Day2Day Leadership Ab,2
Helsingborgs Stad - En Del Av Öresundshuset,2
Hbt-Liberaler,2
Nationella Diabetesteamet,2
Svenska Science Centers,2
Teknikcollege,2
Cow Ab,2
Sanofi,2
Svensk Dagligvaruhandel,2
Steg 3,2
Film- Och Tv-Branschens Samarbetskommitté (Ftvs),2
Skl Kommentus,2
Fulldelaktighet.Se,2
Hållbarhetsforum,2
Akademiska Hus,2
Skogs- Och Lantarbetsgivareförbundet,2
Evry Ab,2
Optolexia,2
Strålsäkerhetsmyndigheten,2
Tieto Sweden Healthcare & Welfare Ab,2
Samordningsförbundet Skåne Nordost,2
Svenska Barnläkarföreningen,2
Västerbottens Handelskammare,2
Sveriges Åkeriföretag,2
Svensk Försäkring,2
Live Green,2
Preem,2
Ledarna Inom Privat Tjänstesektor (Lpt),2
Swedish International Agriculture Network Initiative,2
Sparbanksstiftelserna,2
Karlstads Universitet,2
Ung Livsstil,2
Johan & Nyström,2
Danderyds Sjukhus Ab,2
Hassela Solidaritet,2
Humanisterna,2
Course It Matters,2
Oatly,2
Moderatkvinnorna,2
Vätgas Sverige,2
Swedtrain,2
Forum För Levande Historia,2
Svenska Kyrkans Internationella Arbete,2
Handelsanställdas Förbund,2
Ivo,2
Statens Geotekniska Institut,2
Rsmh,2
Regional Energi,2
Ekn,2
Futebol Da Forca,2
Samhällsbyggararenan,2
Gs-Facket,2
Health Navigator,2
Pensionsmyndigheten,2
Visual Sweden,2
Uniguide Ab,2
Im,2
Kommunförbundet Skåne,2
Gih,2
World Childhood Foundation,2
Energimarknadsinspektionen,2
Sla,2
Svenska Filminstitutet,2
Lp-Verksamhetens Ideella Riksförening,2
Branschföreningen För Onlinespel,2
Svensk Biblioteksförening,2
Nacka Kommun,2
Reglab,2
Stockholms Katolska Stift,2
Sp,2
Finnish Geospatial Research Institute,2
Hemsö Fastighets Ab,2
Infomentor,2
Sandvik,2
Swedish Ict,2
Byggvesta,2
Byggmaterialindustrierna,2
Sveriges Universitetslärare Och Forskare (Sulf),2
Sveriges Konsumenter,2
Sap Svenska Ab,2
Intertek,2
Motorbranschens Yrkesnämnd,2
Ungdomens Nykterhetsförbund,2
Make Equal,2
Berghs School Of Communication,2
Ekokem Ab,2
Svenska Kyl & Värmepumpföreningen,2
Emmaus Stockholm,2
Boodla,2
Socialstyrelsen,2
Segerstedtinstitutet Vid Göteborgs Universitet,2
Förnybarhetsrådet,2
Powercell,2
Mångkulturellt Centrum,2
Nätverket För Kommunala Lärcentra (Nitus),2
Prestationsprinsen,2
Kunskapsskolan,2
Akademiska Sjukhuset,2
Svenskt Kvalitetsindex Ski,2
Läkarmissionen,2
Semper,2
Attention Hisingen-Kungälv,2
Folktandvården Sverige,2
Advokatfirman Vinge Kb,2
Celgene,2
Farr - Flyktinggruppernas Riksråd,2
Svensk Scenkonst,2
Nordiska Ministerrådet,2
Coompanion Gotland,2
H2 Health Hub,2
Norrbottens Län,2
Svenska Stadsnätsföreningen,2
Polarbröd,2
Ersta Vändpunkten,2
Branschföreningen Tågoperatörerna,2
Svenska Fn-Förbundet,2
Almi Företagspartner Ab,2
Nasdaq,2
Tobaksfakta - Oberoende Tankesmedja,2
Kth Center For Sustainable Communications (Cesc),2
Gröna Kvinnor,2
Mälardalsrådet,2
Kfs – Arbetsgivarorganisationen För Samhällsnyttiga Företag,2
Intrum Justitia,2
Landstinget Västernorrland,2
End Ecocide Sverige,2
Scouterna,2
Latinamerikainstitutet,2
Läkare Utan Gränser,2
Lkab,2
Young Innovation Hub,2
Katalys,2
Un Women Nationell Kommitté Sverige,2
Fazer,2
Ortens Vatten,2
Norrbotniabanegruppen,2
Sveriges Yngre Läkares Förening,2
Whistleb,2
Fikabox,2
Länsstyrelsen I Stockholms Län,2
2050,2
Lif - De Forskande Läkemedelsföretagen,2
Brottsoffermyndigheten,2
Europahuset,2
Svenskt Friluftsliv,2
Msci,2
Svenska Bin,2
Sydvatten,2
Mattecentrum,2
Statens Institutionsstyrelse,2
Trialog Tankesmedja,2
Green Cargo,2
Colligio Ab,2
Nykraft,2
Kindnessfood,2
Polisförbundet,2
Seb,2
Nätverket Mot Cancer,2
Aktuell Hållbarhet,2
Scania,2
Medtronic,2
Myndigheten För Familjerätt Och Föräldraskapsstöd,2
Botniska Korridoren,2
If Metalls A-Kassa,2
Teologiska Institutionen,2
Lo-Tco Rättsskydd Ab,2
Cleantech Östergötland,2
Sjukhusläkarna,2
Swedish Standards Institute,2
6F,2
Studieförbundet Vuxenskolan,2
Wsp Sverige Ab,2
Svenska Institutet I Alexandria,2
Upplands-Bro Kommun,2
White Arkitekter,2
Svenska Evangeliska Alliansen,2
Sveriges Auktoriserade Utbildningsföretag (Sauf),2
Handelshögskolan I Stockholm,2
Upplands Väsby Kommun,2
Stora Enso,2
Region Skåne,2
Akademin Valand,2
Ntm,2
Officersförbundet,2
Sensavis,2
Skellefteå Kraft,2
Ordfront Förlag,2
Riksorganisationen Gapf – Glöm Aldrig Pela Och Fadime,2
Inlandsbanan Ab,2
Forska!Sverige,2
Relationista,2
Suhf,2
Kfo,2
Data- Och Systemvetenskapliga Institutionen,2
Interactive Institute,2
Norrbottens Handelskammare,2
Orten I Fokus,2
Arbetsgivaralliansen,2
Bring Citymail,2
Demensförbundet,2
Sveriges Byggindustrier Syd,2
Spider - The Swedish Programme For Ict In Developing Regions,2
Nationella Samordnaren För Att Värna Demokratin Mot Våldsbejakande Extremism,2
Cambio Healthcare Systems Ab,2
Myndigheten För Delaktighet,2
Concord Sverige,2
Almega Utbildningsföretagen,2
Telenor,2
Diversity Charter Sweden,2
Planetaire Ab,2
Svenska Unescorådet,2
Ersta Diakoni,2
Korpen Svenska Motionsidrottsförbundet,2
Härryda Kommun,2
Centerkvinnorna,2
Copenhagen Malmö Port Cmp,2
Sveriges Kristna Råd,2
Brottsofferjouren Sverige,2
Mfof,2
Star For Life,2
Hågelby,2
Riksförbundet För Social Och Mental Hälsa,2
Utopia,2
Preera,2
Chamber Trade Sweden,2
Sydsvenska Handelskammaren,2
Gotlands Allehanda,2
Medicinska Fakulteten,2
Skagen Fonder,2
Assistansanordnarna,2
Nyheter24,2
Återvinningsindustrierna,2
Malmö Högskola,2
Statens Medieråd,2
Sweden Green Building Council,2
Energiforsk,2
Lannebo Fonder,2
Riksförbundet Sveriges Museer,2
Centralförbundet För Alkohol- Och Narkotikaupplysning (Can),2
Lilly,2
New Republic,2
Trr Trygghetsrådet,2
Göteborgsregionens Kommunalförbund,2
Fanzingo,2
Vetenskap & Allmänhet (Va),2
Sis,2
Göteborgs Stadsmuseum,2
Iq,2
Blå Bandet / Sveriges Blåbandsförbund,2
Friedrich-Ebert-Stiftung,2
Handelskammaren Mittsverige,2
Qlik,2
Förpacknings- Och Tidningsinsamlingen,2
Yennenga Progress,2
Södra Sidan,2
Älvstranden Utveckling,2
Tågoperatörerna,2
Origo,2
Nationellt Centrum För Kvinnofrid (Nck),2
Crimetime Gotland,2
Implement Consulting Group,2
Varken Hora Eller Kuvad,2
Humana,2
Redline Recordings,2
Myndigheten För Vård- Och Omsorgsanalys,2
Whistleblowing Centre,2
Tyska Ambassaden,2
Add Gender,2
Retriever,2
Lantmäteriet,2
U.S. Embassy,1
Sustainable Light Sweden Ab,1
Fc Rosengård,1
Fcg Sipu International,1
Saqwerty,1
Kalmar Kommun,1
Karlöf Consulting,1
Art Of Being,1
Vh Assistans,1
Svebio,1
Folkets Hus Och Parker,1
Epsi Rating Group,1
Csr Sweden,1
Urbio,1
Syrisk Ortodoxa Patriarkatets Ställföreträdarskap I Sverige,1
Norden I Fokus & Hallå Norden – Nordiska Ministerrådet,1
Gröna Kommunalråd,1
Sveriges Makalösa Föräldrar,1
Nordiska Ministerrådets Barn- Och Ungdomskommitté Nordbuk,1
Sigtunahem,1
Örebro Universitet,1
Biogen,1
Riksutställningar,1
Gleerups,1
Arbetslöshetskassornas Samorganisation,1
Karlskrona Kommun,1
Reklamombudsmannen,1
Vitartes Ab,1
Ungdom Mot Rasism,1
Tdc Sverige,1
Pro,1
Kommunalarbetaren,1
Medeltidsveckan På Gotland,1
Amendo Bemanning Och Rekrytering,1
Fackförbundet Vision,1
Svenska Teknik&Designföretagen,1
Riksförbundet Hjärtlung,1
Ergonomi Och Aerosolteknologi Och Förpackningslogistik Vid Designvetenskaper,1
Mtr,1
Gen-Pep,1
Mercedes-Benz Sverige,1
Mi Migrän Info Ab,1
Överenskommelsen På Det Sociala Området,1
Svensk Socialmedicinsk Förening,1
Axfoundation,1
Cbss Secretariat In Stockholm,1
Smtf,1
Projektengagemang,1
Nationella Sekretariatet För Genusforskning,1
Kompetenssamverkan Skåne,1
Syndikalisterna Stockholm,1
Mittuniversitetet,1
Sverige Digitaliserar,1
Landvetter Mark Ab,1
Svenska Röda Korsets Behandlingscenter För Krigsskadade Och Torterade,1
Elektronikåtervinning I Sverige,1
Precis,1
Energy Competence Center,1
Programmet 3Rfvm,1
Google,1
Fly Green Fund,1
Pågen,1
Stiftelsen Spinalis,1
Sveaskog,1
Länsstyrelsen Norrbotten,1
Systembolaget Ab,1
Johanneberg Science Park,1
Public Diplomacy Council Of Catalonia (Diplocat),1
Forska Utan Djurförsök,1
Volkswagen,1
Max,1
Liber Förlag,1
Right Livelihood Award Stitelsen,1
Saint-Gobain Ecophon Ab,1
Hiv-Sverige,1
Miljöpartiets Jämställdhets- Och Mångfaldskommitté,1
Läkarnas Institut För Professionell Utveckling I Sjukvården,1
Spårvagnsstäderna,1
Svensk Tidskrift,1
Okidoki Arkitekter,1
Pro:S Folkhögskola,1
Concord Sveriges Arbetsgrupp För Aidwatch,1
Helsingborgs Hamn,1
Fenix Ungkulturhus,1
Finsam I Malmö,1
Förbundet Sveriges Dövblinda,1
It&Telekomföretagen Inom Almega,1
Nationella Diabetesregistret,1
Lss20,1
Föräldravrålet,1
Synskadades Riksförbund,1
European Culture Foundation,1
Politico,1
Strategisk Arkitektur,1
Fazer Food Services Sverige,1
Swedish Nuclear Society,1
Arbetsgivarverket,1
Swedenbio - The Swedish Life Science Industry Organization,1
Skolforskningsinstitutet,1
Febe – Nätverk För Föräldrar Som Förlorat Barn,1
Tankesmedjan Frivärld/ Stockholm Free World Forum,1
Tandvårdsskadeförbundet,1
Feo Media,1
Hållbar Utveckling Skåne,1
Helsingborg Arena & Scen,1
Anna Bergholtz,1
Sd-Kvinnor,1
Ac-Net,1
4C Strategies,1
Icc Sweden,1
Suellska Villan/Andra Landskap,1
Södertälje Kommun,1
Afrikastrategi,1
Svenska Distriktsläkarföreningen,1
Sachsska Barn- Och Ungdomssjukhuset,1
Projekt Inga Ingenjör,1
Women In Nuclear,1
Godmorgon Almedalen/Stakston Ab,1
Intersystems Sweden Ab,1
Swedesd Vid Uppsala Universitet,1
Stockholm Nordost,1
Swedac,1
Landskapslaget,1
Nationellt Kompetenscentrum Anhöriga,1
Miljödepartementet,1
Hotell- Och Restaurangfacket,1
Svenska Föreningen För Vetenskaplig Homeopati,1
Idea Arbetsgivarförbundet För Ideella Organisationer,1
Svenska Läkare Mot Kärnvapens Vetenskapliga Råd,1
Greens/Efa Group In The European Parliament,1
Svenska Esf-Rådet,1
Ssf,1
Nyhem Bostad Ab,1
Janssen,1
Umeå Universitet,1
Svenska Lottakåren,1
#Digitaliseranu Almega,1
Psykologer Mot Tobak,1
Läromedelsförlaget Komplementskolan - Studi.Se,1
Sport & Affärer,1
Biskop Arnö Folkhögskola,1
Länsförsäkringar Fastighetsförmedling,1
Moderna Försäkringar,1
U&We,1
Brandskyddsföreningen,1
Pes Stockholm,1
Regeringens Nationella Samordnare För Den Sociala Barn- Och Ungdomsvården,1
Energimarknaden,1
Myndigheten För Samhällskydd Och Beredskap,1
Saco Studentråd,1
Barnfonden,1
Garbergs_Project,1
El-Kretsen,1
Barncancerfonden,1
Södertälje Hamn Ab,1
Iml – Innovativa Mindre Och Medelstora Life Scienceföretag,1
Ecc,1
Idg,1
Msd Sverige,1
Ivbar Institute,1
Svenska Soldathemsförbundet,1
Svensk Förening För Allmänmedicin Sfam,1
Equmeniakyrkans Församlingar På Gotland,1
Yggdrasil Miljömanagement Ab,1
Textilia,1
Sveriges Träbyggnadskansli,1
Samför – Samordnat Föräldrastöd,1
Maskrosbarn,1
Fonden För Mänskliga Rättigheter,1
Volkswagen Group,1
Folkkampanjen Mot Kärnkraft-Kärnvapen,1
Det Politiska Spelet,1
Sodexo,1
Stoppa Machokulturen,1
Världen!,1
Sydsvensk Regionsamverkan,1
Nationell Samling It-Strategi Skolan,1
Sap,1
Hyper Island,1
Dell,1
Baltic Sea Action Group,1
Hyresgästföreningen Region Norrland,1
Arkitektstudenterna,1
Föreningen Sveriges Socialchefer,1
Sek,1
Länsstyrelsen Västernorrland,1
Prostatacancerförbundet,1
Nordbygg / Stockholmsmässan,1
Collector,1
Lantmännen,1
Triart Film,1
Roombler,1
Ims Health,1
University Of Gothenburg,1
Region Örebro Län,1
Nätverket För Värdeskapande Stadsbyggande,1
Equmenia,1
Navid Modiri,1
Kommuninvest I Sverige Ab,1
Miljöpartiet Gotland,1
Vinnvård,1
Gotlandsakademin Ab,1
Ab Bättre Affärer,1
Concord Sveriges Expertgrupp Företagande Och Mr,1
Lokaltidningen Södra Sidan,1
Nordiska Investeringsbanken,1
Svensk Reumatologis Kvalitetsregister,1
Region Sthlm Syd/Lpo Botkyrka,1
Stiftelsen Äldrecentrum,1
Cerner,1
Afrikagrupperna,1
Svenska Bostadsfonden,1
Ale Kommun,1
International Rescue Committee,1
Swedish Aerospace Industries,1
Almedalens Goda Samtal,1
Energispektrum,1
Yepstr,1
Previa,1
Fastighetsägarna Stockholm,1
Svensk Radonförening,1
Industriforskningsforum,1
Svenska Golfförbundet,1
Actionaid Sverige,1
Vårdföretagen,1
Watt-S,1
Helseplan Consulting Group Ab,1
Regionala Överenskommelsen Skåne,1
Region Gotland,1
Småföretagarnas Riksförbund,1
Poolia Sverige Ab,1
Renoveringscentrum,1
Kronprinsessparets Stiftelse,1
Volvo Car Sverige,1
Moderata Studenter,1
Reach For Change,1
Trygg-Hansa,1
Cision Sverige Ab,1
Innovair,1
Svenska Läromedel,1
Neuroförbundet,1
A Non Smoking Generation,1
Sns - Studieförbundet Näringsliv Och Samhälle,1
Connect Sweden,1
Assistansjuristerna,1
Svensk Psykiatrisk Förening,1
Spp/Storebrand,1
Drivhuset,1
Landshypotek Bank,1
Futurion,1
Länsstyrelsen Stockholm,1
Sthlm6000+,1
Un Women Nationell Kommitté Sverige/Gotland,1
Sverigeförhandlingen,1
Svenska Sällskapet För Nykterhet Och Folkuppfostran,1
Worldskills Sweden,1
Ria,1
Stockholms Idrottsförbund,1
Luckan Ab,1
Swedish Lapland Visitors Board,1
Destination Gotland,1
Tankesmedjan Digital Utmaning,1
Libris Förlag,1
Lunds Universitets Diabetescentrum,1
En Svensk Klassiker,1
Kallpressen,1
Frivilliga Försvarsorganisationernas Samarbetskommitté (Fos),1
Cross Technology Solutions,1
Energikommissionen,1
Isoleringsfirmornas Förening,1
Transparency International Sverige,1
Smarta Samtal,1
Lantzkampen I P1,1
Archileaks,1
Einar Mattsson Projekt,1
2015 Års Personalförsörjningsutredning,1
Hypergene,1
Borgerligt Europaforum,1
Mindburst,1
Företagarnas Unga Nätverk,1
Svensk-Chilenska Kulturinstitutet,1
Iris Utvecklingcenter,1
Sveriges Byggindustrier,1
Barnens Rätt I Samhället,1
Kth,1
Svenska Skolidrottsförbundet,1
Vakin,1
Tankesmedjan Nocturum,1
Trippel Helix,1
Hkscan,1
Iogt-Nto Rörelsen På Gotland,1
Sveriges Riksbank,1
Westander,1
Spelberoendes Förening Malmö,1
Appelberg,1
Regionalt Samverkansforum I Norrbotten,1
Geotec,1
Lth,1
Rote Consulting,1
Sveriges Läkarförbund Student,1
Göteborg-Oslosamarbetet,1
Kommunal,1
Fn:S Utvecklingsprogram Undp,1
Turkosa Partiet,1
Föreningen För Utvecklingsfrågor,1
Svensk Vindenergi,1
Audi Sverige,1
Wavy,1
Scandic Hotels,1
Pernod Ricard,1
Raoul Wallenberg Academy,1
Onemed,1
Amgen Ab,1
Nätverket För Starka Industrikommuner,1
Camino,1
Abb,1
Sbu Statens Beredning För Medicinsk Och Social Utvärdering,1
Unga Örnar,1
Konsten Att Delta,1
Arbetslöshetskassorna Inom Tco,1
Vimpa - Vi Med Personlig Assistans I Jönköpings Län,1
Kneg - Klimatneutrala Godstransporter På Väg,1
Legalworks Nordic Ab,1
Spp,1
Borås Stad,1
Betaniastiftelsen,1
We Act Sweden,1
Academedia,1
Danscentrum,1
Transformator Design,1
Vallastaden 2017,1
Polish Embassy In Stockholm (Polish Presidency Of The Council Of The Baltic Sea States 2015-16),1
(H)Järnkoll,1
Svensk Förening För Diabetologi,1
Sveriges Arkitekter Skåne,1
Ilac,1
Sverd,1
Delmi – Delegationen För Migrationsstudier,1
Min Pension I Sverige Ab,1
Saco-S Akademiker I Staten,1
Centerpartiets Ungdomsförbund,1
Företagsnätverket Stegvis,1
Rsd,1
Wec360,1
Arena För Infrastruktur,1
Svenska Trådlös Fiberleverantörer,1
Lumen Behavior,1
Rav - Riksorganisationen För Anhöriga Till Våldsdödade,1
Hedenmark Hallgren Podcast,1
Strikersoft,1
World Animal Protection,1
Sunderby Folkhögskola,1
Hästnäringens Nationella Stiftelse (Hns),1
Svenska Missionsrådet,1
Bris,1
Sverige Hembygdsförbund,1
Föreningen Hjärnkoll Uppsala Län,1
Botkyrkabyggen,1
Kalejdohill,1
Andersson Gustafsson Advokatbyrå,1
Dagens Arbete,1
Arbetsgruppen För Klimat Och Hälsa,1
Saco,1
Stiftelsen Choice,1
Svanen,1
Svenska Läkare Mot Kärnvapen,1
Lunds Universitet: Pufendorfinstitutet Och Institutet För Ekonomisk Trygghet,1
Novartis Sverige Ab,1
Riksföreningen Osteoporotiker,1
Juridiska Fakulteten,1
Sverok- Spelhobbyförbundet,1
Nationalkommittén För Matematik,1
Sveriges Kommuner Och Landsting Skl,1
Kalix Tele24,1
Skandias Stiftelse Idéer För Livet,1
Teatercentrum,1
Studentbostadsföretagen,1
Partnersamverkan För En Förbättrad Kollektivtrafik,1
Svenska Riksorganisationen För Distansutbildning,1
Utvecklingsnämnden,1
Gotlands Bryggerier/Spendrups Ab,1
Bliwa Livförsäkring,1
Frisk & Fri - Riksföreningen Mot Ätstörningar,1
Sverigeesternas Riksförbund,1
Jenny Lundahl Arkitektur Ab,1
Pensionärernas Riksorganisation,1
Icelandic Embassy In Stockholm (Icelandic Cbss Presidency 2016-17),1
Headalong,1
Liu,1
Region Jönköpings Län,1
Teologiska Högskolan Stockholm,1
Sveriges Skolledarförbund,1
Spes - Riksförbundet Suicidprevention Och Efterlevandes Stöd,1
Iq Samhällsbyggnad,1
Klimataktion,1
Kichisaga Leadership,1
Barnmedkänsla - Nätverk För Barns Viktiga Känsloliv,1
Mälarhamnar Ab,1
Friends,1
Future Foundation,1
Nordregio,1
Empower,1
100 % Förnybart,1
Svensk Sjuksköterskeförening,1
Forskningsinstitutet För Digital Didaktik Fididi,1
Malmö Folkhögskola,1
Miljömärkningen Svanen,1
Ungdomsbarometern,1
Arbetsmarknadskunskap,1
The Boston Consulting Group,1
Nordic Office Of The Friedrich-Ebert-Stiftung,1
Larmtjänst,1
Hjälpkällan Sverige,1
Norrköpings Kommun,1
Sveriges Arkitekter Gotland,1
Bright Relation,1
Sveriges Förenade Hbtq-Studenter,1
Sanofi Pasteur Msd,1
Futurista,1
Kyrkans Tidning,1
Scandinavian Institute For Policy Studies,1
Sweden Lgbt Alliance,1
Liberala Kvinnor,1
Freja Academy,1
Utbildningsföretagen,1
Enhancer Consulting,1
Simon,1
Martin & Servera,1
Nmc - Nätverket För Hållbart Näringsliv,1
Föreningen Svenskt Flyg,1
2022 Initiativet,1
Aerospace Cluster Sweden,1
Musikerförbundet,1
Flickaplattformen,1
Nätverket Basinkomst Malmö,1
Sjöfartsverket,1
Arbetarrörelsens Folkhögskola I Viskadalen,1
Rådet För Integration I Arbetslivet,1
Ivl,1
Försvarsmedicincentrum,1
Film I Skåne,1
Håll Sverige Rent,1
Kemira Kemi,1
Swedpos,1
Folkbildningsrådet,1
Svenskt Kött,1
Rfhl/Qvinnoqulan Gotland,1
Friskolornas Riksförbund,1
Initiativ Samhällsutveckling,1
Skanska Sverige Ab,1
Seko Sjöfolk,1
Länsstyrelsen I Södermlands Län,1
Elektra,1
Sigtuna Kommun,1
Nationella Nätverk För Kunskap Och Kommunikation Kring Fosterdiagnostik (Nnkkf),1
Esf-Rådet,1
Di Digital,1
Svensk Torv,1
Forskningsprojektet Demokratins Drivkrafter,1
Saab,1
Sveriges Läkarförbunds Chefsförening,1
Tidningen Risk & Försäkring,1
Nyckeltalsinstitutet Ab,1
Josepha Wessels,1
Mobile Heights,1
Eskilstuna Kommun,1
Elevhälsa,1
Wass Group Ab,1
Sveriges Centrumutvecklare,1
Seeds For Peace,1
Inspiraktiva Andningspedagogutbildning,1
Biogasakademin,1
Telia,1
Va Syd,1
Lo (The Swedish Trade Union Confederation),1
Hdk - Högskolan För Design Och Konsthantverk,1
Lipus Ab,1
Födelsevrålet,1
Datscha,1
Kalmarsundskommissionen,1
Qoola Qvinnor Inspirations- & Affärsnätverk,1
Hero Kompetens,1
Central Baltic,1
Föreningen Vi Som Förlorat Barn,1
Blodcancerförbundet,1
Tandvård Mot Tobak,1
Hyresgästföreningen Region Aros-Gävle,1
Changemaker,1
Temgruppen Unga I Arbetslivet,1
Sveriges Offentliga Inköpare (Soi),1
Kungliga Biblioteket,1
Operation 1325,1
Österåkers Kommun,1
Ragn-Sells,1
Näringslivets Transportråd,1
Censor -Bosnia Hercegovina,1
Perstorp,1
Vi Vill Bidra,1
Smart Built Environment,1
Institutet För Juridik Och Internet,1
Medhelp,1
Allmänna Försvarsföreningen,1
Europeiska Ungdomsparlamentet Sverige (Eup Sverige),1
Unga Feminister,1
Mckinsey,1
2Secure,1
Volvo Cars,1
Lo-Distriktet I Stockholms Län,1
Sper Spelbranschens Etiska Råd,1
Garbergs Malmö,1
Polstjärna,1
Suicide Zero,1
Stf,1
S,1
Qlik Nordic Ab,1
Svenska Vård,1
Womentor,1
Möllans Basement / Youth For Future,1
Im – Individuell Människohjälp,1
E.On,1
Robur,1
Jobba I Västerås,1
Upprop Vårdmiljö,1
Riksförbundet För Änkor Och Änkemän,1
Hero Sverige,1
Samhällsbyggnadsförvaltningen,1
Boehringer Ingelheim,1
Sai,1
Myndigheten För Kulturanalys,1
Bröstcancerföreningarnas Riksorganisation,1
Södertörnsmodellen,1
Samtidshistoriska Institutet Vid Södertörns Högskola,1
Dokument Press,1
Asynjor Invest Ab,1
Sveriges Stadsmissioner,1
Un Sustainable Development Solutions Network Northern Europe,1
Stockholms Arkitektförening,1
Kultur I Almedalen,1
Energifabriken,1
Lyckoslanten,1
Re:Source,1
Centerstudenter,1
Greenpeace,1
Sjuksköterskor Mot Tobak,1
Stad (Stockholm Förebygger Alkohol- Och Drogproblem),1
Framship,1
Konstnärsnämnden,1
Föreningen För Byggemenskaper,1
Lantero,1
It & Telekomföretagen,1
Landstinget I Kalmar,1
Svenska Jägareförbundet,1
Edward Andersson,1
Tidningen Socialpolitik,1
Green Hat People,1
Kaustik Ab,1
Vitalis,1
Ehälsomyndigheten,1
Aifos- Inre & Yttre Utveckling,1
Centre For Future Chemical Risk Assessment And Management (Fram) At The University Of Gothenburg,1
Grön Ungdom,1
Anno Paananen,1
Svenska Kyrkans Arbetsgivarorganisation,1
Vi Konsumenter,1
Sverige Lantbruksuniversitet,1
Solelkommissionen,1
Crisp,1
Tankesmedjan ”Hälsa Och Arbetsmarknad”.,1
Folkuniversitetet,1
Oresund Drydocks Ab,1
Norsk-Svenska Handelskammaren,1
Airport City Stockholm,1
Göteborg Energi,1
Erikshjälpen,1
Scandianavian Human Rights Lawyers,1
Adhd På Jobbet,1
Gotlands Regnbågsgrupp,1
Projekt Klokel,1
Jernhusen,1
Bostadsrätterna,1
Stockholms Universitet/Östersjöcentrum,1
Svenskt Kulturarv,1
Runö Folkhögskola,1
Pmu,1
Gotlands Djurfristad,1
Altitude Meetings,1
Diversity Group,1
Kommissionen För Innovativa Särläkemedel,1
Kärnavfallsrådet,1
Löfbergs,1
Badenoch & Clark,1
Innovationsplatsen Vid Karolinska Universitetssjukhuset,1
Handikapphistoriska Föreningen,1
Arbetarrörelsens Folkhögskola I Göteborg,1
Luleå Hamn,1
Mag- Och Tarmförbundet,1
Tengbom,1
Fastigo,1
Swedish Incubators & Science Parks (Sisp),1
Landstinget Sörmland,1
Mittmedia Ab,1
Jp Infonet,1
Sverigestudien,1
Brödinstitutet,1
Springtime,1
Soi - Sveriges Offentliga Inköpare,1
Bd,1
Decode,1
Philips Health Systems,1
Strukton Rail,1
Statkraft,1
Kulturrådet,1
Nederländska Ambassaden,1
Snuskommissionen,1
Läkemedelsmarknaden,1
Polisen I Göteborg,1
Teaterförbundet För Scen Och Film,1
Ibn Rushd Studieförbund,1
Regional Musik I Sverige,1
Luleå Tekniska Universitet,1
Stockholms Läns Nykterhetsförbund,1
Statens Kulturråd,1
Oikocredit,1
Otw,1
Findus Special Foods,1
Johan Klinthammar,1
Sjöbefälsföreningen,1
Lunds Universitets Nätverk Ehealth@Lu,1
Icopal,1
Narva Communications Ab,1
Kiruna Kommun,1
Akillesjouren,1
Svenska Taxiförbundet,1
Passivhuscentrum Västra Götaland,1
Svenskt Projektforum,1
Bonnier Carlsen,1
Tieto,1
Lekfrämjandet Ipa Barns Rätt Till Lek,1
Stockholmsmässan,1
Stiftelsen För Strategisk Forskning,1
Ekologiska Lantbrukarna,1
Fss,1
Blekinge Tekniska Högskola,1
Svenska Gymnastikförbundet,1
Finansliv,1
Venturelab Vid Lunds Universitet,1
Fabel,1
Miljöstegen,1
Astrazeneca,1
Nyréns Arkitektkontor,1
Pär Moberg,1
Tidningen Pensioner & Förmåner,1
Tidskriften Ottar,1
Ungsvenskarna Sdu,1
Torg Och Marknadshandlarnas Ekonomiska Riksorganisation,1
Demoskop,1
Lsu – Sveriges Ungdomsorganisationer,1
Pickit,1
Fria,1
Sveriges Elevråd - Svea,1
International Rehabilitation Council For Torture Victims (Köpenhamn),1
God Morgon,1
Byrån För Arkitektur & Urbanism,1
Riksförbundet Frivilliga Samhällsarbetare,1
Veidekke Bostad,1
Europaforum Hässleholm,1
Plattform För Hållbar Stadsutveckling,1
Armé- Marin- Och Flygfilm,1
Bro,1
Svenska Turistföreningen,1
Diaverum,1
It&Telekomföretagen,1
Buddler,1
Region Värmland,1
Företagsuniversitetet,1
Mo Gård,1
Senstex,1
Www.Ljudskolan.Se,1
Ap7,1
Delphi,1
Forskning & Framsteg,1
React - Action On Antibiotic Resistance,1
Fitore Osmanaj,1
Demokrati För Barns Framtid (Dbf),1
Siemens Healthcare,1
Svenska Fotografers Förbund,1
Institutet Mot Mutor,1
Riksförbundet Goodgame,1
Caverion,1
Svensk Solenergi,1
Sustainable Lifestyle Scandinavia Ab,1
Kungliga Tekniska Högskolan,1
Sveriges Unga Akademi,1
Global Goals Lab,1
Samhällsbyggarna,1
Prostatacancerföreningen Gotland I Samarbete Med Pcf,1
Psifos (Psykologer I Förskola Och Skola),1
Industrirådet,1
Min Skola-Projektet,1
Uk Embassy,1
Riksorganisationen Haro,1
Apoteket,1
Mångkulturellt Centrum - Mkc,1
Djurens Rätt,1
Hsb Norra Storstockholm,1
Riksarkivet,1
Eu-Kommissionen I Sverige,1
Frii,1
Ung Företagsamhet,1
Ifs,1
Arbetet,1
Tom Tits,1
Sveriges Apoteksförening,1
Schyst Resande,1
Energiföretagens Arbetsgivareförening,1
Mäklarsamfundet,1
Bac - Baltic Art Center,1
Lejoni Produktion,1
Willhem,1
Performancepotential,1
Finanskoalitionen Mot Barnsexhandel,1
Läkare I Världen,1
Fian,1
International Legal Assistance Consortium,1
Hassela Skåne,1
Rehab Station Stockholm Ab,1
Långholmens Folkhögskola,1
Institutet För Mediestudier,1
Tillträdesutredningen,1
Gu Ventures,1
Jesu Kristi Kyrka Av Sista Dagars Heliga,1
Volvo Group,1
Carlstedt Arkitekter,1
Svenska Transportarbetareförbundet,1
Sac Syndikalisterna,1
Teater U,1
Infrasweden 2030,1
Feministiskt Initiativ Gotland,1
Ersta Sjukhus (En Del Av Ersta Diakoni),1
Seniorit Ab,1
Riksbanken,1
Arbetets Museum,1
Liberala Ungdomsförbundet,1
Mistra Biotech,1
Fortum Värme,1
Gkn Aerospace,1
The Baltic Network Of The Swedish Parliament,1
Novamedia Postkodlotteriet,1
Som-Institutet,1
Svenskar Och Invandrade Mot Narkotika,1
Svensk Energi,1
Thor Shipping Och Transport Ab,1
Adven,1
Gotlands Idrottsförbund,1
Gotlands Ls,1
Friendy & Co.,1
Garbergs,1
Neo4J,1
Comhem,1
Byggbranschen I Samverkan,1
Intel Sweden Ab,1
Ifous,1
Myndigheten För Vård- Och Omsorgsanalys/Vårdanalys,1
C/O City,1
Swerea,1
Arlandaregionen,1
Mina Meddelanden (Skatteverket),1
Aleris,1
Cinema For Peace,1
Nämnden För Hemslöjdsfrågor,1
Vinnova,1
Socialdemokraterna I Stockholms Läns Landsting,1
Msb,1
Lunds Kommun,1
Ostkusthamnar I Samverkan,1
Un-Habitat,1
Stockholm Resiliance Centre (Src),1
Journalisten,1
Män För Jämställdhet,1
Im - Individuell Människohjälp,1
Vision Stockholms Stad,1
Telge Energi,1
Mariestads Kommun,1
Iot Sverige,1
Beijing8,1
Ptk,1
Erik Giudice Architects,1
Movestic,1
Fmv (Försvarets Materielverk),1
Zeromission,1
Wemind Psykiatri,1
Intersolia Sweden Ab,1
Prioriteringscentrum,1
Sveriges Hr Förening,1
Utgivarna,1
Rainbow,1
Myrorna,1
Skandia Fastigheter,1
Vårdföretagarna Bpa,1
Barnombudsmannen I Uppsala,1
Björn Eliasson,1
Kvinnofolkhögskolan,1
Filminstitutet,1
Slu Global,1
Runö Folkhögskola & Utvecklingscentrum,1
Tysk-Svenska Handelskammaren,1
Assistansutbildarna,1
Stelacon,1
Women In Progress,1
Studentconsulting,1
Nordic Choice Hotels,1
Philips,1
Svensk Luftambulans,1
Landstinget I Värmland,1
Hjärnskadeförbundet Hjärnkraft,1
Plats För Lärande,1
Fastator,1
Skolverket,1
Sas Institute,1
Landstinget I Uppsala Län,1
Laerdal,1
Almega Asylboendeföretagen,1
Okq8,1
Stiftelsen Expo,1
Swelife,1
Sweden Water Research,1
Svensk Förening För Medicinsk Teknik Och Fysik (Mtf),1
Livsmedelsakademin,1
Löf (Landstingens Ömsesidiga Försäkringsbolag),1
Svenska Fao Kommittén,1
Vimil - Vi Som Mist Någon Mitt I Livet,1
Plåt & Ventföretagen,1
Länsstyrelsen Gotland,1
Svenskt Demenscentrum,1
Tyréns,1
Level 21,1
Kvadrat,1
Hövding Ab,1
Senab,1
Tieto Financial Services,1
Frisq Ab,1
Föreningen Norden,1
Forum Östersjön,1
Ytterjärna Forum,1
Finansförbundet,1
Monica Hedberg Invest Ab,1
Ecpat Sverige,1
Modigminoz,1
Kristna Värdepartiet,1
Ibm Svenska Ab,1
Folkhälsomyndigheten,1
Jusek,1
Det Naturliga Steget,1
Kappahl,1
Mikrofonden Väst,1
Set My People Free International,1
Colombiagruppen,1
Kraftkvinnorna,1
Medlingsinstitutet,1
Ic Quality,1
Försvarsutbildarna,1
Karlskoga Kommun,1
Stockholm-Gotlands Distrikt,1
Alkompis,1
Läkarförbundet,1
Swetic - Sektion Fordonsbesiktning,1
Sveriges Interreligiösa Råd,1
Novare Potential,1
V Och Mp I Landstinget I Kalmar Län,1
Stressforskningsinstitutet,1
Science Park Gotland,1
Stockholms Stadsmission,1
Amf,1
Landsbygdsnätverket,1
Sj,1
Burson Marsteller,1
Parlamentarikerforum För Lätta Vapen-Frågor,1
Ica Banken,1
